Besoldungsgruppe,Amtsbezeichnung,Zusatz
A3,Hauptamtsgehilfin/Hauptamtsgehilfe,bei der Bundesagentur für Arbeit
A3,Hauptamtsgehilfin/Hauptamtsgehilfe,Bundesbank-
A3,Hauptamtsgehilfin/Hauptamtsgehilfe,Technische/Technischer
A3,Hauptamtsgehilfin/Hauptamtsgehilfe,Betriebs-
A3,Hauptamtsgehilfin/Hauptamtsgehilfe,Post-
A3,Hauptamtsgehilfin/Hauptamtsgehilfe,Justiz-
A3,Hauptamtsgehilfin/Hauptamtsgehilfe,Zoll-
A3,Oberaufseherin/Oberaufseher,bei der Bundesagentur für Arbeit
A3,Oberaufseherin/Oberaufseher,Bundesbank-
A3,Oberaufseherin/Oberaufseher,Technische/Technischer
A3,Oberaufseherin/Oberaufseher,Betriebs-
A3,Oberaufseherin/Oberaufseher,Post-
A3,Oberaufseherin/Oberaufseher,Justiz-
A3,Oberaufseherin/Oberaufseher,Zoll-
A3,Oberschaffnerin/Oberschaffner,bei der Bundesagentur für Arbeit
A3,Oberschaffnerin/Oberschaffner,Bundesbank-
A3,Oberschaffnerin/Oberschaffner,Technische/Technischer
A3,Oberschaffnerin/Oberschaffner,Betriebs-
A3,Oberschaffnerin/Oberschaffner,Post-
A3,Oberschaffnerin/Oberschaffner,Justiz-
A3,Oberschaffnerin/Oberschaffner,Zoll-
A3,Oberwachtmeisterin/Oberwachtmeister,bei der Bundesagentur für Arbeit
A3,Oberwachtmeisterin/Oberwachtmeister,Bundesbank-
A3,Oberwachtmeisterin/Oberwachtmeister,Technische/Technischer
A3,Oberwachtmeisterin/Oberwachtmeister,Betriebs-
A3,Oberwachtmeisterin/Oberwachtmeister,Post-
A3,Oberwachtmeisterin/Oberwachtmeister,Justiz-
A3,Oberwachtmeisterin/Oberwachtmeister,Zoll-
A4,Amtsmeisterin/Amtsmeister,bei der Bundesagentur für Arbeit
A4,Amtsmeisterin/Amtsmeister,Bundesbank-
A4,Amtsmeisterin/Amtsmeister,Technische/Technischer
A4,Hauptaufseherin/Hauptaufseher,Betriebs-
A4,Hauptschaffnerin/Hauptschaffner,Post-
A4,Hauptwachtmeisterin/Hauptwachtmeister,Justiz-
A4,Hauptwachtmeisterin/Hauptwachtmeister,Zoll-
A4,Oberwartin/Oberwart,Post-
A5,Betriebsassistentin/Betriebsassistent,Bundesbahn-
A5,Betriebsassistentin/Betriebsassistent,Post-
A5,Erste Hauptwachtmeisterin/Erster Hauptwachtmeister,Justiz-
A5,Erste Hauptwachtmeisterin/Erster Hauptwachtmeister,Zoll-
A5,Hauptwartin/Hauptwart,Post-
A5,Oberamtsmeisterin/Oberamtsmeister,bei der Bundesagentur für Arbeit
A5,Oberamtsmeisterin/Oberamtsmeister,Bundesbank-
A5,Oberamtsmeisterin/Oberamtsmeister,Technische/Technischer
A6,Betriebsassistentin/Betriebsassistent,Bundesbahn-
A6,Betriebsassistentin/Betriebsassistent,Bundesfernstraßen-
A6,Betriebsassistentin/Betriebsassistent,Post-
A6,Erste Hauptwachtmeisterin/Erster Hauptwachtmeister,Justiz-
A6,Erste Hauptwachtmeisterin/Erster Hauptwachtmeister,Zoll-
A6,Hauptwartin/Hauptwart,Post-
A6,Oberamtsmeisterin/Oberamtsmeister,bei der Bundesagentur für Arbeit
A6,Oberamtsmeisterin/Oberamtsmeister,Bundesbank-
A6,Oberamtsmeisterin/Oberamtsmeister,Technische/Technischer
A6,Sekretärin/Sekretär,Archiv-
A6,Sekretärin/Sekretär,bei der Bundesagentur für Arbeit
A6,Sekretärin/Sekretär,Bibliotheks-
A6,Sekretärin/Sekretär,Bundesbahn-
A6,Sekretärin/Sekretär,Bundesbank-
A6,Sekretärin/Sekretär,Bundesfernstraßen-
A6,Sekretärin/Sekretär,Forst-
A6,Sekretärin/Sekretär,Justiz-
A6,Sekretärin/Sekretär,Post-
A6,Sekretärin/Sekretär,Regierungs-
A6,Sekretärin/Sekretär,Schiffs-
A6,Sekretärin/Sekretär,Steuer-
A6,Sekretärin/Sekretär,Technische Bundesbahn-/Technischer Bundesbahn-
A6,Sekretärin/Sekretär,Technische Bundesfernstraßen-/Technischer Bundesfernstraßen-
A6,Sekretärin/Sekretär,Technische Regierungs-/Technischer Regierungs-
A6,Sekretärin/Sekretär,Zoll-
A7,Obersekretärin/Obersekretär,Archiv-
A7,Obersekretärin/Obersekretär,bei der Bundesagentur für Arbeit
A7,Obersekretärin/Obersekretär,Bibliotheks-
A7,Obersekretärin/Obersekretär,Bundesbahn-
A7,Obersekretärin/Obersekretär,Bundesbank-
A7,Obersekretärin/Obersekretär,Bundesfernstraßen-
A7,Obersekretärin/Obersekretär,Forst-
A7,Obersekretärin/Obersekretär,Justiz-
A7,Obersekretärin/Obersekretär,Post-
A7,Obersekretärin/Obersekretär,Regierungs-
A7,Obersekretärin/Obersekretär,Schiffs-
A7,Obersekretärin/Obersekretär,Steuer-
A7,Obersekretärin/Obersekretär,Technische Bundesbahn-/Technischer Bundesbahn-
A7,Obersekretärin/Obersekretär,Technische Bundesfernstraßen-/Technischer Bundesfernstraßen-
A7,Obersekretärin/Obersekretär,Technische Post-/Technischer Post-
A7,Obersekretärin/Obersekretär,Technische Regierungs-/Technischer Regierungs-
A7,Obersekretärin/Obersekretär,Zoll-
A7,Oberwerkmeister/Oberwerkmeisterin,
A8,Hauptsekretärin/Hauptsekretär,Archiv-
A8,Hauptsekretärin/Hauptsekretär,bei der Bundesagentur für Arbeit
A8,Hauptsekretärin/Hauptsekretär,Bibliotheks-
A8,Hauptsekretärin/Hauptsekretär,Bundesbahn-
A8,Hauptsekretärin/Hauptsekretär,Bundesbank-
A8,Hauptsekretärin/Hauptsekretär,Bundesfernstraßen-
A8,Hauptsekretärin/Hauptsekretär,Forst-
A8,Hauptsekretärin/Hauptsekretär,Justiz-
A8,Hauptsekretärin/Hauptsekretär,Post-
A8,Hauptsekretärin/Hauptsekretär,Regierungs-
A8,Hauptsekretärin/Hauptsekretär,Schiffs-
A8,Hauptsekretärin/Hauptsekretär,Steuer-
A8,Hauptsekretärin/Hauptsekretär,Technische Bundesbahn-/Technischer Bundesbahn-
A8,Hauptsekretärin/Hauptsekretär,Technische Bundesfernstraßen-/Technischer Bundesfernstraßen-
A8,Hauptsekretärin/Hauptsekretär,Technische Post-/Technischer Post-
A8,Hauptsekretärin/Hauptsekretär,Technische Regierungs-/Technischer Regierungs-
A8,Hauptsekretärin/Hauptsekretär,Zoll-
A8,Hauptwerkmeister/Hauptwerkmeisterin,
A9,Amtsinspektorin/Amtsinspektor,Archiv-
A9,Amtsinspektorin/Amtsinspektor,bei der Bundesagentur für Arbeit
A9,Amtsinspektorin/Amtsinspektor,Bibliotheks-
A9,Amtsinspektorin/Amtsinspektor,Bundesbank-
A9,Amtsinspektorin/Amtsinspektor,Forst-
A9,Amtsinspektorin/Amtsinspektor,Justiz-
A9,Amtsinspektorin/Amtsinspektor,Regierungs-
A9,Amtsinspektorin/Amtsinspektor,Schiffs-
A9,Amtsinspektorin/Amtsinspektor,Steuer-
A9,Amtsinspektorin/Amtsinspektor,Technische/Technischer
A9,Amtsinspektorin/Amtsinspektor,Technische Regierungs-/Technischer Regierungs-
A9,Amtsinspektorin/Amtsinspektor,Zoll-
A9,Betriebsinspektorin/Betriebsinspektor,Bundesbahn-
A9,Betriebsinspektorin/Betriebsinspektor,Bundesfernstraßen-
A9,Betriebsinspektorin/Betriebsinspektor,Lokomotiv-
A9,Betriebsinspektorin/Betriebsinspektor,Post-
A9,Betriebsinspektorin/Betriebsinspektor,Technische Bundesbahn-/Technischer Bundesbahn-
A9,Betriebsinspektorin/Betriebsinspektor,Technische Bundesfernstraßen-/Technischer Bundesfernstraßen-
A9,Betriebsinspektorin/Betriebsinspektor,Technische Post-/Technischer Post-
A9,Inspektorin/Inspektor,Archiv-
A9,Inspektorin/Inspektor,bei der Bundesagentur für Arbeit
A9,Inspektorin/Inspektor,Bibliotheks-
A9,Inspektorin/Inspektor,Brand-
A9,Inspektorin/Inspektor,Bundesbahn-
A9,Inspektorin/Inspektor,Bundesbank-
A9,Inspektorin/Inspektor,Bundesfernstraßen-
A9,Inspektorin/Inspektor,Forst-
A9,Inspektorin/Inspektor,Justiz-
A9,Inspektorin/Inspektor,Post-
A9,Inspektorin/Inspektor,Regierungs-
A9,Inspektorin/Inspektor,Steuer-
A9,Inspektorin/Inspektor,Technische Bundesbahn-/Technischer Bundesbahn-
A9,Inspektorin/Inspektor,Technische Bundesfernstraßen-/Technischer Bundesfernstraßen-
A9,Inspektorin/Inspektor,Technische Post-/Technischer Post-
A9,Inspektorin/Inspektor,Technische Regierungs-/Technischer Regierungs-
A9,Inspektorin/Inspektor,Zoll-
A10,Oberinspektorin/Oberinspektor,Archiv-
A10,Oberinspektorin/Oberinspektor,bei der Bundesagentur für Arbeit
A10,Oberinspektorin/Oberinspektor,Bibliotheks-
A10,Oberinspektorin/Oberinspektor,Brand-
A10,Oberinspektorin/Oberinspektor,Bundesbahn-
A10,Oberinspektorin/Oberinspektor,Bundesbank-
A10,Oberinspektorin/Oberinspektor,Bundesfernstraßen-
A10,Oberinspektorin/Oberinspektor,Forst-
A10,Oberinspektorin/Oberinspektor,Justiz-
A10,Oberinspektorin/Oberinspektor,Post-
A10,Oberinspektorin/Oberinspektor,Regierungs-
A10,Oberinspektorin/Oberinspektor,Steuer-
A10,Oberinspektorin/Oberinspektor,Technische Bundesbahn-/Technischer Bundesbahn-
A10,Oberinspektorin/Oberinspektor,Technische Bundesfernstraßen-/Technischer Bundesfernstraßen-
A10,Oberinspektorin/Oberinspektor,Technische Post-/Technischer Post-
A10,Oberinspektorin/Oberinspektor,Technische Regierungs-/Technischer Regierungs-
A10,Oberinspektorin/Oberinspektor,Zoll-
A11,Amtfrau/Amtmann,Archiv-
A11,Amtfrau/Amtmann,bei der Bundesagentur für Arbeit
A11,Amtfrau/Amtmann,Bibliotheks-
A11,Amtfrau/Amtmann,Brand-
A11,Amtfrau/Amtmann,Bundesbahn-
A11,Amtfrau/Amtmann,Bundesbank-
A11,Amtfrau/Amtmann,Bundesfernstraßen-
A11,Amtfrau/Amtmann,Forst-
A11,Amtfrau/Amtmann,Justiz-
A11,Amtfrau/Amtmann,Post-
A11,Amtfrau/Amtmann,Regierungs-
A11,Amtfrau/Amtmann,Steuer-
A11,Amtfrau/Amtmann,Technische Bundesbahn-/Technischer Bundesbahn-
A11,Amtfrau/Amtmann,Technische Bundesfernstraßen-/Technischer Bundesfernstraßen-
A11,Amtfrau/Amtmann,Technische Post-/Technischer Post-
A11,Amtfrau/Amtmann,Technische Regierungs-/Technischer Regierungs-
A11,Amtfrau/Amtmann,Zoll-
A12,Amtsrätin/Amtsrat,Archiv-
A12,Amtsrätin/Amtsrat,bei der Bundesagentur für Arbeit
A12,Amtsrätin/Amtsrat,Bibliotheks-
A12,Amtsrätin/Amtsrat,Brand-
A12,Amtsrätin/Amtsrat,Bundesbahn-
A12,Amtsrätin/Amtsrat,Bundesbank-
A12,Amtsrätin/Amtsrat,Bundesfernstraßen-
A12,Amtsrätin/Amtsrat,Forst-
A12,Amtsrätin/Amtsrat,Justiz-
A12,Amtsrätin/Amtsrat,Post-
A12,Amtsrätin/Amtsrat,Regierungs-
A12,Amtsrätin/Amtsrat,Steuer-
A12,Amtsrätin/Amtsrat,Technische/Technischer
A12,Amtsrätin/Amtsrat,Technische Bundesbahn-/Technischer Bundesbahn-
A12,Amtsrätin/Amtsrat,Technische Bundesfernstraßen-/Technischer Bundesfernstraßen-
A12,Amtsrätin/Amtsrat,Technische Post-/Technischer Post-
A12,Amtsrätin/Amtsrat,Technische Regierungs-/Technischer Regierungs-
A12,Amtsrätin/Amtsrat,Zoll-
A13,Oberamtsrätin/Oberamtsrat,Archiv-
A13,Oberamtsrätin/Oberamtsrat,bei der Bundesagentur für Arbeit
A13,Oberamtsrätin/Oberamtsrat,Bibliotheks-
A13,Oberamtsrätin/Oberamtsrat,Brand-
A13,Oberamtsrätin/Oberamtsrat,Bundesbahn-
A13,Oberamtsrätin/Oberamtsrat,Bundesbank-
A13,Oberamtsrätin/Oberamtsrat,Bundesfernstraßen-
A13,Oberamtsrätin/Oberamtsrat,Forst-
A13,Oberamtsrätin/Oberamtsrat,Justiz-
A13,Oberamtsrätin/Oberamtsrat,Post-
A13,Oberamtsrätin/Oberamtsrat,Regierungs-
A13,Oberamtsrätin/Oberamtsrat,Steuer-
A13,Oberamtsrätin/Oberamtsrat,Technische/Technischer
A13,Oberamtsrätin/Oberamtsrat,Technische Bundesbahn-/Technischer Bundesbahn-
A13,Oberamtsrätin/Oberamtsrat,Technische Bundesfernstraßen-/Technischer Bundesfernstraßen-
A13,Oberamtsrätin/Oberamtsrat,Technische Post-/Technischer Post-
A13,Oberamtsrätin/Oberamtsrat,Technische Regierungs-/Technischer Regierungs-
A13,Oberamtsrätin/Oberamtsrat,Zoll-
A13,Pfarrerin/Pfarrer,Millitär-
A13,Rätin/Rat,Archiv-
A13,Rätin/Rat,bei der Bundesagentur für Arbeit
A13,Rätin/Rat,Bibliotheks-
A13,Rätin/Rat,Brand-
A13,Rätin/Rat,Bundesbahn-
A13,Rätin/Rat,Bundesbank-
A13,Rätin/Rat,Bundesfernstraßen-
A13,Rätin/Rat,Forst-
A13,Rätin/Rat,Kriminal-
A13,Rätin/Rat,Medizinal-
A13,Rätin/Rat,Medizinal-... bei der Bundesagentur für Arbeit
A13,Rätin/Rat,Medizinal-... in der Bundespolizei
A13,Rätin/Rat,Polizei-
A13,Rätin/Rat,Post-
A13,Rätin/Rat,Regierungs-
A13,Rätin/Rat,Technische Bundesfernstraßen-/Technischer Bundesfernstraßen-
A13,Rätin/Rat,Technische ... bei der Bundesagentur für Arbeit/Technischer ... bei der Bundesagentur für Arbeit
A13,Rätin/Rat,Technische Regierungs-/Technischer Regierungs-
A13,Rätin/Rat,Wissenschaftliche/Wissenschaftlicher
A14,Oberrätin/Oberrat,Archiv-
A14,Oberrätin/Oberrat,bei der Bundesagentur für Arbeit
A14,Oberrätin/Oberrat,Bibliotheks-
A14,Oberrätin/Oberrat,Brand-
A14,Oberrätin/Oberrat,Bundesbahn-
A14,Oberrätin/Oberrat,Bundesbank-
A14,Oberrätin/Oberrat,Bundesfernstraßen-
A14,Oberrätin/Oberrat,Forst-
A14,Oberrätin/Oberrat,Kriminal-
A14,Oberrätin/Oberrat,Medizinal-
A14,Oberrätin/Oberrat,Medizinal-... bei der Bundeagentur für Arbeit
A14,Oberrätin/Oberrat,Medizinal-... in der Bundespolizei
A14,Oberrätin/Oberrat,Polizei-
A14,Oberrätin/Oberrat,Post-
A14,Oberrätin/Oberrat,Regierungs-1
A14,Oberrätin/Oberrat,Technische Bundesfernstraßen-/Technischer Bundesfernstraßen-
A14,Oberrätin/Oberrat,Technische ... bei der Bundesagentur für Arbeit/Technischer ... bei der Bundesagentur für Arbeit
A14,Oberrätin/Oberrat,Technische Regierungs-/Technischer Regierungs-2
A14,Oberrätin/Oberrat,Wissenschaftliche/Wissenschaftlicher
A14,Pfarrerin/Pfarrer,Millitär-
A15,Dekanin/Dekan,Millitär-
A15,Direktorin/Direktor,Archiv-
A15,Direktorin/Direktor,bei der Bundesagentur für Arbeit
A15,Direktorin/Direktor,Bibliotheks-
A15,Direktorin/Direktor,Brand-
A15,Direktorin/Direktor,Bundesbahn-
A15,Direktorin/Direktor,Bundesfernstraßen-
A15,Direktorin/Direktor,Forst-
A15,Direktorin/Direktor,Kriminal-
A15,Direktorin/Direktor,Medizinal-
A15,Direktorin/Direktor,Medizinal-... in der Bundespolizei
A15,Direktorin/Direktor,Polizei-
A15,Direktorin/Direktor,Post-
A15,Direktorin/Direktor,Regierungs-
A15,Direktorin/Direktor,Technische Bundesfernstraßen-/Technischer Bundesfernstraßen-
A15,Direktorin/Direktor,Technische Regierungs-/Technischer Regierungs-
A15,Direktorin/Direktor,Wissenschaftliche/Wissenschaftlicher
A16,Direktorin/Direktor,der Bundesstelle für Eisenbahnunfalluntersuchung
A16,Direktorin/Direktor,der Bundesstelle für Flugunfalluntersuchung
A16,Direktorin/Direktor,der Bundesstelle für Seeunfalluntersuchung
A16,Direktorin/Direktor,des Geheimen Staatsarchivs der Stiftung Preußischer Kulturbesitz
A16,Direktorin/Direktor,des Ibero-Amerikanischen Instituts der Stiftung Preußischer Kulturbesitz
A16,Direktorin/Direktor,des Staatlichen Instituts für Musikforschung der Stiftung Preußischer Kulturbesitz
A16,Direktorin/Direktor,einer Wehrtechnischen Dienststelle
A16,Leitende Dekanin/Leitender Dekan,Millitär-
A16,Leitende Direktorin/Leitender Direktor,Archiv-
A16,Leitende Direktorin/Leitender Direktor,bei der Bundesagentur für Arbeit
A16,Leitende Direktorin/Leitender Direktor,Bibliotheks-
A16,Leitende Direktorin/Leitender Direktor,Brand-
A16,Leitende Direktorin/Leitender Direktor,Bundesbahn-
A16,Leitende Direktorin/Leitender Direktor,Bundesfernstraßen-
A16,Leitende Direktorin/Leitender Direktor,Forst-
A16,Leitende Direktorin/Leitender Direktor,Kriminal-
A16,Leitende Direktorin/Leitender Direktor,Medizinal-
A16,Leitende Direktorin/Leitender Direktor,Medizinal-... in der Bundespolizei
A16,Leitende Direktorin/Leitender Direktor,Polizei-
A16,Leitende Direktorin/Leitender Direktor,Post-
A16,Leitende Direktorin/Leitender Direktor,Regierungs-
A16,Leitende Direktorin/Leitender Direktor,Technische Bundesfernstraßen-/Technischer Bundesfernstraßen-
A16,Leitende Direktorin/Leitender Direktor,Technische Regierungs-/Technischer Regierungs-
A16,Leitende Direktorin/Leitender Direktor,Wissenschaftliche/Wissenschaftlicher
A16,Ministerialrätin/Ministerialrat,
B1,Direktorin und Professorin/Direktor und Professor,beim ORG
B1,Direktorin und Professorin/Direktor und Professor,bei ORG
B2,Direktorin/Direktor,als Beauftragte für das Ehrenamt bei der Bundesanstalt Technisches Hilfswerk/als Beauftragter für das Ehrenamt bei der Bundesanstalt Technisches Hilfswerk
B2,Direktorin/Direktor,als Landesbeauftragte bei der Bundesanstalt Technisches Hilfswerk/als Landesbeauftragter bei der Bundesanstalt Technisches Hilfswerk
B2,Direktorin/Direktor,bei der ORG
B2,Direktorin/Direktor,bei der Bundesagentur für Arbeit
B2,Direktorin/Direktor,bei der Bundesanstalt für Finanzdienstleistungsaufsicht
B2,Direktorin/Direktor,bei der Bundesanstalt für Immobilienaufgaben
B2,Direktorin/Direktor,"bei der Bundesnetzagentur für Elektrizität, Gas, Telekommunikation, Post und Eisenbahnen"
B2,Direktorin/Direktor,bei der Führungsakademie der Bundeswehr
B2,Direktorin/Direktor,bei der Hochschule des Bundes für öffentliche Verwaltung 
B2,Direktorin/Direktor,bei der Staatsbibliothek der Stiftung Preußischer Kulturbesitz
B2,Direktorin/Direktor,bei der Stiftung Bundespräsident-Theodor-Heuss-Haus
B2,Direktorin/Direktor,bei der Unfallversicherung Bund und Bahn
B2,Direktorin/Direktor,bei der Zollverwaltung
B2,Direktorin/Direktor,"beim Bundesamt für Ausrüstung, Informationstechnik und Nutzung der Bundeswehr"
B2,Direktorin/Direktor,beim Bundesamt für Bauwesen und Raumordnung
B2,Direktorin/Direktor,beim Bundesamt für das Personalmanagement der Bundeswehr
B2,Direktorin/Direktor,beim Bundesamt für den militärischen Abschirmdienst
B2,Direktorin/Direktor,"beim Bundesamt für Infrastruktur, Umweltschutz und Dienstleistungen der Bundeswehr"
B2,Direktorin/Direktor,beim Bundeseisenbahnvermögen 
B2,Direktorin/Direktor,beim Evangelischen Kirchenamt für die Bundeswehr
B2,Direktorin/Direktor,beim Katholischen Militärbischofsamt
B2,Direktorin/Direktor,beim Marinearsenal
B2,Direktorin/Direktor,eines Rechtsberaterzentrums der Bundeswehr
B2,Direktorin/Direktor,in der Bundesfernstraßenverwaltung
B2,Direktorin und Professorin/Direktor und Professor,beim ORG
B2,Direktorin und Professorin/Direktor und Professor,bei der ORG
B2,Direktorin und Professorin/Direktor und Professor,bei der Bundesagentur für Arbeit
B2,Direktorin und Professorin/Direktor und Professor,des Deutschen Zentrums für Schienenverkehrsforschung
B2,Vizepräsidentin/Vizepräsident,
B3,Direktorin/Direktor,als Beauftragte für die Netze des Bundes/als Beauftragter für die Netze des Bundes
B3,Direktorin/Direktor,beim ORG
B3,Direktorin/Direktor,bei der ORG
B3,Direktorin/Direktor,bei der Bundesagentur für Arbeit
B3,Direktorin/Direktor,bei der Bundesakademie für öffentliche Verwaltung
B3,Direktorin/Direktor,bei der Bundesanstalt für Immobilienaufgaben
B3,Direktorin/Direktor,"bei der Bundesnetzagentur für Elektrizität, Gas, Telekommunikation, Post und Eisenbahnen"
B3,Direktorin/Direktor,bei der Deutschen Nationalbibliothek
B3,Direktorin/Direktor,bei der Führungsakademie der Bundeswehr
B3,Direktorin/Direktor,bei der Unfallversicherung Bund und Bahn
B3,Direktorin/Direktor,beim Befehlshaber des Einsatzführungskommandos der Bundeswehr
B3,Direktorin/Direktor,beim Befehlshaber des Multinational Joint Headquarters
B3,Direktorin/Direktor,beim Bildungszentrum der Bundeswehr
B3,Direktorin/Direktor,"beim Bundesamt für Ausrüstung, Informationstechnik und Nutzung der Bundeswehr"
B3,Direktorin/Direktor,beim Bundesinstitut für Berufsbildung
B3,Direktorin/Direktor,beim Bundesnachrichtendienst
B3,Direktorin/Direktor,beim Inspekteur einer Teilstreitkraft oder eines militärischen Organisationsbereichs
B3,Direktorin/Direktor,beim Luftfahrtamt der Bundeswehr
B3,Direktorin/Direktor,beim Planungsamt der Bundeswehr
B3,Direktorin/Direktor,beim Zentrum Digitalisierung der Bundeswehr und Fähigkeitsentwicklung Cyber- und Informationsraum
B3,Direktorin/Direktor,beim Zentrum für Cyber-Sicherheit der Bundeswehr
B3,Direktorin/Direktor,beim Zentrum Innere Führung der Bundeswehr
B3,Direktorin/Direktor,der Bundeswehrverwaltungsstelle USA und Kanada
B3,Direktorin/Direktor,der Bundeszentrale für Kinder- und Jugendmedienschutz
B3,Direktorin/Direktor,der Schule für ABC-Abwehr und gesetzliche Schutzaufgaben der Bundeswehr
B3,Direktorin/Direktor,"der Stiftung Flucht, Vertreibung, Versöhnung"
B3,Direktorin/Direktor,des Bundesaufsichtsamts für Flugsicherung
B3,Direktorin/Direktor,des Bundesinstituts für Kultur und Geschichte der Deutschen im östlichen Europa
B3,Direktorin/Direktor,des Bundesinstituts für Sportwissenschaft
B3,Direktorin/Direktor,des Verpflegungsamts der Bundeswehr
B3,Direktorin/Direktor,des Zentrums für Brandschutz der Bundeswehr
B3,Direktorin/Direktor,in der Bundesfernstraßenverwaltung
B3,Direktorin/Direktor,in der Bundespolizei
B3,Direktorin und Professorin/Direktor und Professor,beim ORG
B3,Direktorin und Professorin/Direktor und Professor,bei der ORG
B3,Direktorin und Professorin/Direktor und Professor,bei der Bundesagentur für Arbeit
B3,Direktorin und Professorin/Direktor und Professor,bei der Bundesanstalt für Materialforschung und –prüfung
B3,Direktorin und Professorin/Direktor und Professor,bei der Physikalisch-Technischen Bundesanstalt
B3,Direktorin und Professorin/Direktor und Professor,beim Zentrum für Geoinformationswesen der Bundeswehr
B3,Direktorin und Professorin/Direktor und Professor,des Bundesinstituts für Bevölkerungsforschung
B3,Direktorin und Professorin/Direktor und Professor,des Kunsthistorischen Instituts in Florenz
B3,Direktorin und Professorin/Direktor und Professor,des Wehrwissenschaftlichen Instituts für Schutztechnologien – ABC-Schutz
B3,Direktorin und Professorin/Direktor und Professor,des Wehrwissenschaftlichen Instituts für Werk- und Betriebsstoffe
B3,Ministerialrätin/Ministerialrat,
B3,Vizepräsidentin/Vizepräsident,
B4,Direktorin/Direktor,bei der ORG
B4,Direktorin/Direktor,der Bundesanstalt für Verwaltungsdienstleistungen
B4,Direktorin/Direktor,der Bundeszentrale für gesundheitliche Aufklärung
B4,Direktorin/Direktor,einer Wehrtechnischen Dienststelle
B4,Direktorin/Direktor,in der Bundesfernstraßenverwaltung
B4,Erste Direktorin/Erster Direktor,bei der Bundesanstalt für Immobilienaufgaben
B4,Erste Direktorin/Erster Direktor,beim Bundesamt für Verfassungsschutz
B4,Erste Direktorin/Erster Direktor,beim Bundesinstitut für Berufsbildung
B4,Erste Direktorin/Erster Direktor,beim Zentrum für Geoinformationswesen der Bundeswehr
B4,Erste Direktorin/Erster Direktor,im Bundeskriminalamt
B4,Präsidentin/Präsident,der Bundesanstalt für Gewässerkunde
B4,Präsidentin/Präsident,der Bundesanstalt für Wasserbau
B4,Präsidentin/Präsident,des Beschaffungsamts des BMI
B4,Präsidentin/Präsident,des Bundessortenamts
B4,Präsidentin/Präsident,einer Bundespolizeidirektion
B4,Vizepräsidentin/Vizepräsident,
B5,Direktorin/Direktor,bei der ORG
B5,Direktorin und Professorin/Direktor und Professor,bei der Bundesagentur für Arbeit
B5,Direktorin und Professorin/Direktor und Professor,der Stiftung Jüdisches Museum Berlin
B5,Erste Direktorin/Erster Direktor,der Unfallversicherung Bund und Bahn
B5,Oberdirektorin/Oberdirektor,bei der Bundesagentur für Arbeit
B5,Präsidentin/Präsident,der Hochschule des Bundes für öffentliche Verwaltung
B5,Präsidentin/Präsident,der Zentralen Stelle für Informationstechnik im Sicherheitsbereich
B5,Präsidentin/Präsident,des Bundesamts für Naturschutz
B5,Präsidentin/Präsident,des Bundessprachenamts
B5,Präsidentin/Präsident,des Fernstraßen-Bundesamts
B5,Präsidentin und Professorin/Präsident und Professor,der Bundesanstalt für Straßenwesen
B5,Präsidentin und Professorin/Präsident und Professor,der Stiftung Deutsches Historisches Museum
B5,Präsidentin und Professorin/Präsident und Professor,der Stiftung Haus der Geschichte der Bundesrepublik Deutschland
B5,Präsidentin und Professorin/Präsident und Professor,des Bundesamts für Kartographie und Geodäsie
B5,Vizedirektorin/Vizedirektor,
B5,Vizepräsidentin/Vizepräsident,
B6,Direktorin/Direktor,bei der ORG
B6,Direktorin/Direktor,beim Bundesrechnungshof
B6,Direktorin/Direktor,der ORG
B6,Direktorin/Direktor,im Bundesarchiv
B6,Direktorin und Professorin/Direktor und Professor,bei der Bundesagentur für Arbeit
B6,Erste Direktorin/Erster Direktor,"bei der Bundesnetzagentur für Elektrizität, Gas, Telekommunikation, Post und Eisenbahnen"
B6,Erste Direktorin/Erster Direktor,"beim Bundesamt für Ausrüstung, Informationstechnik und Nutzung der Bundeswehr"
B6,Erste Direktorin/Erster Direktor,beim Bundesamt für das Personalmanagement der Bundeswehr
B6,Erste Direktorin/Erster Direktor,"beim Bundesamt für Infrastruktur, Umweltschutz und Dienstleistungen der Bundeswehr"
B6,Erste Direktorin/Erster Direktor,beim Bundesnachrichtendienst
B6,Erste Direktorin/Erster Direktor,beim Luftfahrtamt der Bundeswehr
B6,Erste Direktorin/Erster Direktor,beim Planungsamt der Bundeswehr
B6,Ministerialdirigentin/Ministerialdirigent,
B6,Oberdirektorin/Oberdirektor,bei der Bundesagentur für Arbeit
B6,Präsidentin/Präsident,der Bundesfinanzakademie
B6,Präsidentin/Präsident,der Bundespolizeiakademie
B6,Präsidentin/Präsident,der Bundeszentrale für politische Bildung
B6,Präsidentin/Präsident,des Bundesamts für Auswärtige Angelegenheiten
B6,Präsidentin/Präsident,des Bundesamts für Bevölkerungsschutz und Katastrophenhilfe
B6,Präsidentin/Präsident,des Bundesamts für Logistik und Mobilität
B6,Präsidentin/Präsident,des Bundesamts für Strahlenschutz
B6,Präsidentin/Präsident,des Bundesamts für Verbraucherschutz und Lebensmittelsicherheit
B6,Präsidentin/Präsident,des Bundesamts für zentrale Dienste und offene Vermögensfragen und des Bundesausgleichsamts
B6,Präsidentin/Präsident,des Bundeseisenbahnvermögens
B6,Präsidentin/Präsident,des Deutschen Wetterdienstes
B6,Präsidentin/Präsident,des Eisenbahn-Bundesamts
B6,Präsidentin/Präsident,des Kraftfahrt-Bundesamts
B6,Präsidentin/Präsident,des Luftfahrt-Bundesamts
B6,Präsidentin/Präsident,einer Bundespolizeidirektion
B6,Präsidentin und Professorin/Präsident und Professor,der Bundesanstalt für Arbeitsschutz und Arbeitsmedizin
B6,Präsidentin und Professorin/Präsident und Professor,des Bundesamts für Seeschifffahrt und Hydrographie
B6,Präsidentin und Professorin/Präsident und Professor,des Bundesinstituts für Risikobewertung
B6,Präsidentin und Professorin/Präsident und Professor,des Deutschen Archäologischen Instituts
B6,Präsidentin und Professorin/Präsident und Professor,"des Friedrich-Loeffler-Instituts, Bundesforschungsinstitut für Tiergesundheit"
B6,Präsidentin und Professorin/Präsident und Professor,"des Johann Heinrich von Thünen-Instituts, Bundesforschungsinstitut für Ländliche Räume, Wald und Fischerei"
B6,Präsidentin und Professorin/Präsident und Professor,"des Julius Kühn-Instituts, Bundesforschungsinstitut für Kulturpflanzen"
B6,Präsidentin und Professorin/Präsident und Professor,"des Max Rubner-Instituts, Bundesforschungsinstitut für Ernährung und Lebensmittel"
B6,Vizepräsidentin/Vizepräsident,
B7,Direktorin/Direktor,bei der ORG
B7,Direktorin/Direktor,bei der deutschen Rentenversicherung Knappschaft-Bahn-See
B7,Direktorin/Direktor,der ORG
B7,Ministerialdirigentin/Ministerialdirigent,
B7,Oberdirektorin/Oberdirektor,bei der Bundesagentur für Arbeit
B7,Präsidentin/Präsident,der Bundesakademie für Sicherheitspolitik
B7,Präsidentin/Präsident,der Bundesanstalt für den Digitalfunk der Behörden und Organisationen mit Sicherheitsaufgaben
B7,Präsidentin/Präsident,der Bundesanstalt für Landwirtschaft und Ernährung
B7,Präsidentin/Präsident,der Generaldirektion Wasserstraßen und Schifffahrt
B7,Präsidentin/Präsident,des Bildungszentrums der Bundeswehr
B7,Präsidentin/Präsident,des Bundesamts für Bauwesen und Raumordnung
B7,Präsidentin/Präsident,des Bundesamts für den Militärischen Abschirmdienst
B7,Präsidentin/Präsident,des Bundesamts für Justiz
B7,Präsidentin/Präsident,des Bundesarchivs
B7,Präsidentin/Präsident,des Bundesinstituts für Berufsbildung
B7,Präsidentin/Präsident,des Planungsamts der Bundeswehr
B7,Präsidentin und Professorin/Präsident und Professor,der Bundesanstalt für Geowissenschaften und Rohstoffe
B7,Präsidentin und Professorin/Präsident und Professor,des Paul-Ehrlich-Instituts
B7,Vizepräsidentin/Vizepräsident,
B8,Direktorin/Direktor,bei der Deutschen Rentenversicherung Bund
B8,Direktorin/Direktor,der ORG
B8,Erste Direktorin/Erster Direktor,der Deutschen Rentenversicherung Knappschaft-Bahn-See
B8,Präsidentin/Präsident,der Bundesakademie für öffentliche Verwaltung
B8,Präsidentin/Präsident,der Bundesanstalt Technisches Hilfswerk
B8,Präsidentin/Präsident,der Stiftung Preußischer Kulturbesitz
B8,Präsidentin/Präsident,des Bundesamts für die Sicherheit der nuklearen Entsorgung
B8,Präsidentin/Präsident,des Bundesamts für Familie und zivilgesellschaftliche Aufgaben
B8,Präsidentin/Präsident,des Bundesamts für Sicherheit in der Informationstechnik
B8,Präsidentin/Präsident,des Bundesamts für Wirtschaft und Ausfuhrkontrolle
B8,Präsidentin/Präsident,des Bundesamts zur Bekämpfung von Finanzkriminalität
B8,Präsidentin/Präsident,des Bundeskartellamts
B8,Präsidentin/Präsident,des Bundeszentralamts für Steuern
B8,Präsidentin/Präsident,des Deutschen Patent- und Markenamts
B8,Präsidentin/Präsident,des Statistischen Bundesamts
B8,Präsidentin/Präsident,des Umweltbundesamts
B8,Präsidentin und Professorin/Präsident und Professor,der Bundesanstalt für Materialforschung und -prüfung
B8,Präsidentin und Professorin/Präsident und Professor,der Physikalisch-Technischen Bundesanstalt
B8,Präsidentin und Professorin/Präsident und Professor,des Bundesinstituts für Arzneimittel und Medizinprodukte
B8,Präsidentin und Professorin/Präsident und Professor,des Robert-Koch-Instituts
B9,Ministerialdirektorin/Ministerialdirektor,
B9,Präsidentin/Präsident,der Generalzolldirektion
B9,Präsidentin/Präsident,"des Bundesamts für Ausrüstung, Informationstechnik und Nutzung der Bundeswehr"
B9,Präsidentin/Präsident,des Bundesamts für das Personalmanagement der Bundeswehr
B9,Präsidentin/Präsident,"des Bundesamts für Infrastruktur, Umweltschutz und Dienstleistungen der Bundeswehr"
B9,Präsidentin/Präsident,des Bundesamts für Migration und Flüchtlinge
B9,Präsidentin/Präsident,des Bundesamts für Soziale Sicherung
B9,Präsidentin/Präsident,des Bundesamts für Verfassungsschutz
B9,Präsidentin/Präsident,des Bundeskriminalamts
B9,Präsidentin/Präsident,des Bundesnachrichtendienstes
B9,Präsidentin/Präsident,des Bundespolizeipräsidiums
B9,Präsidentin/Präsident,des Bundesverwaltungsamts
B10,Ministerialdirektorin/Ministerialdirektor,
B11,Staatssekretärin/Staatssekretär,